FLUXO ATUARIAL   -   CIVIL   -   PLANO PREVIDENCIÁRIO   -   BENEFÍCIOS AVALIADOS EM REGIME FINANCEIRO DE CAPITALIZAÇÃO   -   GERAÇÃO ATUAL;;;;;;;;;;;;;;;;;;;;;;;;;;;;;;;;;;;;;;;;;;;;;;;;;;;;;;;;;;;;;;;;;;
INFORMAÇÕES PRELIMINARES;;;;;CONTRIBUIÇÕES FUTURAS DE APOSENTADOS  E PENSIONISTAS -  BENEFÍCIOS CONCEDIDOS;;;;;;;CONTRIBUIÇÕES FUTURAS DO ENTE - BENEFÍCIOS A CONCEDER;;;;;;;;CONTRIBUIÇÕES FUTURAS DOS ATIVOS - BENEFÍCIOS A CONCEDER;;;;;;;;CONTRIB. FUT. APOSENTADOS - BENEF. A CONCEDER;;;;;CONTRIB. FUT. PENSIONISTAS - BENEF. A CONCEDER;;;;;;OUTRAS RECEITAS - BENEF. A CONCEDER;;;;TOTAL;ENCARGOS - BENEFÍCIOS CONCEDIDOS;;;;;;;ENCARGOS - BENEFÍCIOS A CONCEDER;;;;;;;;;;TOTAL;RESULTADOS;;;;
100101;100201;100301;100401;109001;111000;111101;111201;111301;111401;112000;119900;121000;121100;121200;121300;121400;121500;121600;121700;122000;122100;122200;122300;122400;122500;122600;122700;123000;123100;123200;123300;123400;124000;124100;124200;124300;124400;124500;129000;130101;130201;139901;190000;210000;211001;212001;213001;214001;215001;219901;220000;221000;222000;223000;224000;225000;226000;227000;229000;239901;240000;250001;260001;270001;280001;290001
Instante;Ano;Taxa de Juros (%);Fator de Desconto;Base de Cálculo da Contribuição Normal;Benefícios Concedidos - Contribuições dos Aposentados;Benefícios Concedidos - Contribuições Futuras dos Aposentados - Aposentadorias Programadas;Benefícios Concedidos - Contribuições Futuras dos Aposentados - Aposentadorias Especiais de Professores;Benefícios Concedidos - Contribuições Futuras dos Aposentados - Outras Aposentadorias Especiais;Benefícios Concedidos - Contribuições Futuras dos Aposentados - Aposentadorias por Invalidez;Benefícios Concedidos - Contribuições  dos Pensionistas;Benefícios Concedidos - Compensação Previdenciária a Receber;Benefícios a Conceder - Contribuições do Ente;Benefícios a Conceder - Contribuições Futuras do Ente  - Aposentadorias Programadas;Benefícios a Conceder - Contribuições Futuras do Ente  - Aposentadorias Especiais de Professores;Benefícios a Conceder - Contribuições Futuras do Ente  - Outras Aposentadorias Especiais;Benefícios a Conceder - Contribuições Futuras do Ente  - Aposentadorias por Invalidez;Benefícios a Conceder - Contribuições Futuras do Ente  - Pensões Por Morte de Servidores em Atividade;Benefícios a Conceder - Contribuições Futuras do Ente  - Pensões Por Morte de Aposentados;Benefícios a Conceder - Contribuições Futuras do Ente  -  Outros Benefícios e Auxílios;Benefícios a Conceder - Contribuições dos Segurados Ativos;Benefícios a Conceder - Contribuições Futuras dos Segurados Ativos - Aposentadorias Programadas;Benefícios a Conceder - Contribuições Futuras dos Segurados Ativos - Aposentadorias Especiais de Professores;Benefícios a Conceder - Contribuições Futuras dos Segurados Ativos - Outras Aposentadorias Especiais;Benefícios a Conceder - Contribuições Futuras dos Segurados Ativos - Aposentadorias por Invalidez;Benefícios a Conceder - Contribuições Futuras dos Segurados Ativos  - Pensões Por Morte de Segurados em Atividade;Benefícios a Conceder - Contribuições Futuras dos Segurados Ativos - Pensões Por Morte de Aposentados;Benefícios a Conceder - Contribuições Futuras dos Segurados Ativos  -  Outros Benefícios e Auxílios;Benefícios a Conceder - Contribuições dos Aposentados;Benefícios a Conceder - Contribuições Futuras dos Aposentados  - Aposentadorias Programadas;Benefícios a Conceder - Contribuições Futuras dos Aposentados  - Aposentadorias Especiais de Professores;Benefícios a Conceder - Contribuições Futuras dos Aposentados  - Outras Aposentadorias Especiais;Benefícios a Conceder - Contribuições Futuras dos Aposentados  - Aposentadorias por Invalidez;Benefícios a Conceder - Contribuições dos Pensionistas;Benefícios a Conceder - Contribuições Futuras dos Pensionistas - Aposentadorias Programadas;Benefícios a Conceder - Contribuições Futuras dos Pensionistas - Aposentadorias Especiais de Professores;Benefícios a Conceder - Contribuições Futuras dos Pensionistas - Outras Aposentadorias Especiais;Benefícios a Conceder - Contribuições Futuras dos Pensionistas - Aposentadorias por Invalidez;Benefícios a Conceder - Contribuições Futuras dos Pensionistas - Pensões Por Morte de Segurados em Atividade;Benefícios a Conceder - Compensação Previdenciária a Receber;Plano de Amortização do Déficit Atuarial estabelecido em lei;Parcelamentos de Débitos Previdenciários;Valor Atual da Cobertura da Insuficiência Financeira (Outras Receitas);(A) TOTAL DAS RECEITAS COM CONTRIBUIÇÕES E COMPENSAÇÃO PREVIDENCIÁRIA;Benefícios Concedidos -  Encargos;Benefícios Concedidos - Encargos - Aposentadorias Programadas;Benefícios Concedidos - Encargos - Aposentadorias Especiais de Professores;Benefícios Concedidos - Encargos - Outras Aposentadorias Especiais;Benefícios Concedidos - Encargos - Aposentadorias por Invalidez;Benefícios Concedidos - Encargos - Pensões Por Morte;Benefícios Concedidos - Encargos - Compensação Previdenciária a Pagar;Benefícios a Conceder - Encargos;Benefícios a Conceder - Encargos -  Aposentadorias Programadas;Benefícios a Conceder - Encargos -  Aposentadorias Especiais de Professores;Benefícios a Conceder - Encargos -  Outras Aposentadorias Especiais;Benefícios a Conceder - Encargos -  Aposentadorias por Invalidez;Benefícios a Conceder - Encargos -  Pensões Por Morte de Servidores em Atividade;Benefícios a Conceder - Encargos -  Pensões Por Morte de Aposentados;Benefícios a Conceder - Encargos -  Outros Benefícios e Auxílios;Benefícios a Conceder - Encargos -  Compensação Previdenciária a Pagar;Outras Despesas;(B) TOTAL  DAS DESPESAS COM BENEFÍCIOS DO PLANO;(C) INSUFICIÊNCIA OU EXCEDENTE FINANCEIRO (A-B);(D) SALDO ACUMULADO DO EXERCÍCIO  A VALOR ATUAL;(E) RENTABILIDADE ESPERADA (%);(F) Rentabilidade dos Ativos que compõem os Recursos Garantidores;(G) EVOLUÇÃO DOS RECURSOS GARANTIDORES (Informar o valor acumulado na data da avaliação)
;;;;;;;;;;;;;;;;;;;;;;;;;;;;;;;;;;;;;;;;;;;;;;;;;;;;;;;;;;;;;;;;;;227.508.043,90
1;2024;5,11;0,95138;113.860.718,61;79.629,60;32.276,93;38.794,08;0;8.558,60;2.779,88;6.370.891,83;14.589.020,66;6.017.907,11;8.272.807,33;0;0;0;298.306,22;0;15.940.500,61;6.575.386,67;9.039.173,59;0;0;0;325.940,34;0;0,04448;0;0;0;0,04448;0,05244;0;0;0;0;0,05244;634,50528;3.864.730,35;0;0;40.848.187,54;36.196.021,64;9.090.946,37;14.814.927,68;0;7.085.786,40;5.204.361,19;0;187.533,15;0;0;0;182.536,98;4.996,18;0;0;0;0;36.383.554,79;4.464.632,74;231.755.606,19;5,11;11.853.803,78;243.826.480,41
2;2025;5,11;0,90513;113.891.136,83;77.700,79;31.345,71;38.013,04;0;8.342,04;3.395,17;6.103.969,36;14.592.918,16;6.019.514,81;8.275.017,44;0;0;0;298.385,91;0;15.944.759,16;6.577.143,30;9.041.588,43;0;0;0;326.027,42;0;0,52176;0;0;0;0,52176;0,56395;0;0;0;0;0,56395;25.267,91;5.317.708,91;0;0;42.065.720,53;35.620.174,54;8.835.117,76;14.614.597,54;0;6.972.677,54;5.197.781,71;0;524.842,18;92.867,69;37.866,10;0;376.839,53;15.365,04;1.903,82;0;0;0;36.145.016,72;5.920.703,81;249.185.487,06;5,11;12.762.081,11;262.509.265,34
3;2026;5,11;0,86113;92.059.469,37;75.665,13;30.366,68;37.183,15;0;8.115,30;3.980,60;6.077.627,76;11.795.617,64;4.865.640,60;6.688.788,39;0;0;0;241.188,64;0;12.888.325,71;5.316.377,90;7.308.416,24;0;0;0;263.531,58;0;340,84473;143,31324;197,01248;0;0,51901;0,5563;0;0;0;0;0,5563;898.694,46;8.249.361,83;0;0;39.989.614,53;34.882.516,77;8.570.349,66;14.402.353,29;0;6.854.069,27;5.055.744,55;0;14.900.507,87;4.358.485,53;9.969.076,26;0;497.353,71;28.252,28;47.340,09;0;0;0;49.783.024,65;-9.793.410,12;254.075.866,09;5,11;12.913.780,20;265.629.635,43
4;2027;5,11;0,81927;91.182.510,02;73.513,61;29.336,00;36.299,90;0;7.877,71;3.913,83;6.066.715,79;11.683.252,47;4.819.290,46;6.625.070,93;0;0;0;238.891,07;0;12.765.551,40;5.265.734,03;7.238.796,19;0;0;0;261.021,18;0;338,35878;142,26764;195,5751;0;0,51604;0,54821;0;0;0;0;0,54821;949.190,28;16.921.915,92;0;0;48.464.392,21;34.100.992,25;8.297.034,10;14.177.413,18;0;6.729.918,52;4.896.626,45;0;15.956.338,91;4.697.788,25;10.495.047,33;0;623.147,35;43.817,06;96.538,92;0;0;0;50.057.331,17;-1.592.938,95;264.324.588,33;5,11;13.492.275,19;277.528.971,66
5;2028;5,11;0,77944;89.798.849,10;71.238,51;28.252,73;35.357,60;0;7.628,17;3.843,03;6.053.898,08;11.505.963,43;4.746.159,51;6.524.537,93;0;0;0;235.265,99;0;12.571.838,87;5.185.828,46;7.128.950,14;0;0;0;257.060,28;0;335,68701;141,14389;194,03028;0;0,51284;0,53966;0;0;0;0;0,53966;1.008.225,97;16.921.915,92;0;0;48.137.260,05;33.303.720,79;8.015.707,01;13.939.003,04;0;6.600.308,54;4.748.702,20;0;17.391.674,15;5.108.078,93;11.317.673,72;0;753.761,48;62.253,94;149.906,08;0;0;0;50.695.394,94;-2.558.134,89;275.535.059,01;5,11;14.051.009,76;289.021.846,53
6;2029;5,11;0,74155;87.613.626,68;68.834,31;27.119,12;34.349,91;0;7.365,28;3.765,34;6.054.284,14;11.225.969,98;4.630.663,44;6.365.765,66;0;0;0;229.540,88;0;12.265.907,74;5.059.633,21;6.955.469,72;0;0;0;250.804,81;0;332,8127;139,93496;192,36837;0;0,50937;0,53058;0;0;0;0;0,53058;1.102.987,08;17.220.293,01;0;0;47.942.374,94;32.482.573,72;7.726.833,97;13.686.089,91;0;6.465.062,86;4.604.586,99;0;19.549.573,81;5.847.223,60;12.522.236,17;0;888.019,94;83.764,35;208.329,75;0;0;0;52.032.147,53;-4.089.772,59;285.989.075,67;5,11;14.560.028,98;299.492.102,92
7;2030;5,11;0,7055;84.752.730,30;66.301,91;25.941,30;33.272,46;0;7.088,15;3.677,22;6.053.699,48;10.859.402,16;4.479.455,82;6.157.900,79;0;0;0;222.045,55;0;11.865.382,24;4.894.418,20;6.728.348,91;0;0;0;242.615,14;0;918,42078;386,53967;531,37547;0;0,50564;0,52091;0;0;0;0;0,52091;1.216.864,19;17.484.454,48;0;0;47.550.700,61;31.629.397,46;7.430.890,45;13.418.055,40;0;6.324.131,01;4.456.320,60;0;22.086.162,02;6.962.440,08;13.718.328,68;0;1.023.720,64;108.491,67;273.180,95;0;0;0;53.715.559,48;-6.164.858,86;295.142.794,99;5,11;14.989.022,17;308.316.266,23
8;2031;5,11;0,6712;82.496.101,09;63.647,09;24.727,09;32.123,33;0;6.796,67;3.575,81;6.057.550,28;10.570.259,33;4.360.185,67;5.993.940,30;0;0;0;216.133,36;0;11.549.454,15;4.764.099,24;6.549.199,65;0;0;0;236.155,26;0;905,2091;380,97784;523,72964;0;0,50162;0,51059;0;0;0;0;0,51059;1.306.850,49;18.012.777,42;0;0;47.565.020,29;30.740.459,77;7.128.232,65;13.134.307,23;0;6.177.470,47;4.300.449,41;0;24.069.878,29;7.684.165,39;14.746.359,23;0;1.161.557,75;136.489,82;341.306,10;0;0;0;54.810.338,06;-7.245.317,76;303.453.208,95;5,11;15.384.725,47;316.455.673,93
9;2032;5,11;0,63857;80.398.605,61;60.878,36;23.483,26;30.903,49;0;6.491,62;3.460,14;6.066.219,75;10.301.506,37;4.249.326,25;5.841.542,04;0;0;0;210.638,09;0;11.255.804,79;4.642.970,17;6.382.683,70;0;0;0;230.150,92;0;891,10433;375,04007;515,56699;0;0,49727;0,49959;0;0;0;0;0,49959;1.380.151,30;18.541.100,37;0;0;47.610.012,68;29.825.117,05;6.819.150,72;12.834.249,94;0;6.025.025,06;4.146.691,32;0;25.703.447,21;8.281.610,17;15.539.172,53;0;1.303.811,39;167.991,01;410.862,11;0;0;0;55.528.564,26;-7.918.551,58;311.399.124,45;5,11;15.766.246,95;324.303.369,30
10;2033;5,11;0,60753;77.442.259,80;58.004,67;22.213,80;29.616,18;0;6.174,70;3.331,34;6.080.195,68;9.922.708,57;4.093.073,82;5.626.742,06;0;0;0;202.892,69;0;10.841.916,37;4.472.243,01;6.147.985,35;0;0;0;221.688,02;0;876,02416;368,69171;506,8399;0;0,49255;0,48791;0;0;0;0;0,48791;1.478.070,81;19.069.423,31;0;0;47.454.527,26;28.869.020,60;6.504.080,37;12.517.276,37;0;5.866.857,46;3.980.806,39;0;27.983.658,97;9.120.242,23;16.730.840,10;0;1.447.067,06;203.094,89;482.414,69;0;0;0;56.852.679,57;-9.398.152,31;318.593.709,83;5,11;16.091.656,59;330.996.873,58
11;2034;5,11;0,57799;75.081.204,63;55.033,52;20.919,64;28.265,85;0;5.848,03;3.192,30;2.861.650,91;9.620.185,60;3.968.284,42;5.455.194,27;0;0;0;196.706,91;0;10.511.368,65;4.335.893,52;5.960.545,92;0;0;0;214.929,20;0;859,93169;361,91723;497,52704;0;0,48742;0,47559;0;0;0;0;0,47559;1.552.404,68;19.597.746,26;0;0;44.202.442,32;27.902.993,16;6.183.799,46;12.183.036,20;0;5.703.230,20;3.832.927,31;0;29.584.748,88;9.872.039,16;17.324.807,27;0;1.591.017,81;241.784,14;555.100,51;0;0;0;57.487.742,04;-13.285.299,72;323.318.103,20;5,11;16.235.061,42;333.946.635,29
12;2035;5,11;0,54989;72.904.196,14;51.965,61;19.598,39;26.854,10;0;5.513,13;3.046,08;2.722.037,13;9.341.244,61;3.853.222,48;5.297.018,81;0;0;0;191.003,32;0;10.206.587,46;4.210.172,62;5.787.717,60;0;0;0;208.697,25;0;842,78934;354,70083;487,60667;0;0,48184;0,46267;0;0;0;0;0,46267;1.620.026,08;20.126.069,20;0;0;44.071.819,42;26.883.488,42;5.859.110,17;11.830.817,36;0;5.534.216,94;3.659.343,95;0;30.981.453,63;10.477.705,37;17.855.973,64;0;1.736.037,59;284.068,54;627.668,49;0;0;0;57.864.942,05;-13.793.122,63;326.361.935,09;5,11;16.359.844,50;336.513.357,16
13;2036;5,11;0,52316;70.386.901,86;48.800,79;18.249,29;25.380,69;0;5.170,82;2.894,84;2.590.849,68;9.018.702,66;3.720.175,34;5.114.119,12;0;0;0;184.408,20;0;9.854.166,26;4.064.800,41;5.587.874,66;0;0;0;201.491,18;0;3.107,64;1.308,45;1.798,72;0;0,47577;0,44919;0;0;0;0;0,44919;1.697.661,79;20.654.392,14;0;0;43.870.576,25;25.856.357,21;5.531.026,63;11.460.233,54;0;5.359.977,39;3.505.119,66;0;32.482.577,50;11.183.723,17;18.386.057,58;0;1.882.791,32;330.056,81;699.948,63;0;0;0;58.338.934,72;-14.468.358,46;328.944.090,75;5,11;16.456.499,43;338.501.498,13
14;2037;5,11;0,49773;65.714.774,93;45.541,82;16.876,46;23.844,27;0;4.821,09;2.739,24;2.458.622,25;8.420.061,11;3.473.238,32;4.774.655,20;0;0;0;172.167,59;0;9.200.068,49;3.794.987,95;5.216.963,90;0;0;0;188.116,64;0;9.362,51;3.942,41;5.419,63;0;0,46921;0,43513;0;0;0;0;0,43513;1.854.328,32;21.182.715,09;0;0;43.173.439,27;24.801.267,30;5.200.770,66;11.071.200,08;0;5.180.737,51;3.348.559,05;0;34.904.841,23;12.102.984,70;19.638.811,82;0;2.011.585,08;378.873,91;772.585,72;0;0;0;59.706.108,53;-16.532.669,26;330.272.692,66;5,11;16.452.607,16;338.421.436,03
15;2038;5,11;0,47353;62.486.138,15;42.200,35;15.491,79;22.244,82;0;4.463,74;2.578,47;2.320.908,67;8.006.374,56;3.302.594,43;4.540.071,31;0;0;0;163.708,82;0;8.748.059,34;3.608.536,16;4.960.648,91;0;0;0;178.874,27;0;9.157,50;3.856,08;5.300,95;0;0,46215;0,42045;0;0;0;0;0,42045;1.945.202,10;21.711.038,03;0;0;42.785.519,43;23.712.599,53;4.869.993,51;10.663.922,80;0;4.996.987,66;3.181.695,55;0;36.646.528,15;12.710.055,80;20.527.406,57;0;2.135.160,76;430.097,52;843.807,50;0;0;0;60.359.127,69;-17.573.608,26;330.099.805,31;5,11;16.395.324,00;337.243.151,77
16;2039;5,11;0,45051;59.938.629,72;38.800,60;14.114,56;20.587,09;0;4.098,95;2.411,30;2.183.052,39;7.679.961,25;3.167.950,37;4.354.976,34;0;0;0;157.034,54;0;8.391.408,16;3.461.419,11;4.758.407,34;0;0;0;171.581,72;0;8.940,62;3.764,76;5.175,40;0;0,4546;0,40508;0;0;0;0;0,40508;2.011.010,39;22.239.360,97;0;0;42.554.946,09;22.602.735,20;4.540.017,10;10.238.658,04;0;4.809.026,01;3.015.034,06;0;37.827.505,56;13.556.405,32;20.618.990,02;0;2.256.356,62;483.524,68;912.228,92;0;0;0;60.430.240,76;-17.875.294,67;329.190.152,77;5,11;16.319.697,50;335.687.554,60
17;2040;5,11;0,42861;57.710.831,79;35.382,88;12.768,79;18.885,29;0;3.728,79;2.237,94;2.045.440,20;7.394.512,59;3.050.204,05;4.193.110,65;0;0;0;151.197,88;0;8.079.516,45;3.332.765,14;4.581.546,94;0;0;0;165.204,37;0;8.711,14;3.668,12;5.042,56;0;0,44653;0,38895;0;0;0;0;0,38895;2.052.296,16;22.767.683,92;0;0;42.385.781,66;21.465.701,70;4.212.185,39;9.796.559,06;0;4.617.252,24;2.839.705,01;0;38.659.423,08;14.025.728,79;20.740.685,68;0;2.376.990,86;539.102,26;976.915,50;0;0;0;60.125.124,79;-17.739.343,12;328.084.294,75;5,11;16.247.153,61;334.195.365,08
18;2041;5,11;0,40777;54.187.211,32;32.000,69;11.479,89;17.163,15;0;3.357,65;2.059,22;1.913.597,32;6.943.029,65;2.863.969,32;3.937.094,06;0;0;0;141.966,27;0;7.586.209,58;3.129.278,22;4.301.813,79;0;0;0;155.117,57;0;8.468,77;3.566,07;4.902,27;0;0,43794;0,37202;0;0;0;0;0,37202;2.145.735,20;23.296.006,86;0;0;41.927.107,66;20.330.587,92;3.888.393,73;9.339.248,06;0;4.422.241,74;2.680.704,39;0;39.949.018,09;14.662.886,50;21.168.425,82;0;2.484.123,21;596.017,89;1.037.564,68;0;0;0;60.279.606,01;-18.352.498,35;326.711.766,83;5,11;16.139.570,49;331.982.437,22
19;2042;5,11;0,38795;50.604.099,44;28.705,25;10.262,75;15.450,74;0;2.991,76;1.878,13;1.783.179,26;6.483.924,05;2.674.590,27;3.676.754,99;0;0;0;132.578,80;0;7.084.573,92;2.922.355,71;4.017.357,74;0;0;0;144.860,47;0;12.086,87;5.089,67;6.996,76;0;0,42872;0,3543;0;0;0;0;0,3543;2.225.837,06;23.824.329,81;0;0;41.444.514,71;19.185.409,01;3.570.360,28;8.867.935,70;0;4.224.270,85;2.522.842,18;0;41.344.184,78;15.633.538,97;21.387.060,19;0;2.576.432,55;653.395,01;1.093.758,06;0;0;0;60.529.593,79;-19.085.079,08;324.578.380,80;5,11;15.989.055,00;328.886.413,15
20;2043;5,11;0,36909;47.192.949,12;25.554,70;9.136,23;13.779,92;0;2.638,55;1.696,65;1.654.828,95;6.046.851,96;2.494.299,94;3.428.910,16;0;0;0;123.641,85;0;6.607.012,88;2.725.363,87;3.746.553,37;0;0;0;135.095,63;0;12.229,62;5.149,79;7.079,41;0;0,41882;0,33591;0;0;0;0;0,33591;2.298.600,81;24.352.652,75;0;0;40.999.428,64;18.035.444,97;3.259.831,60;8.384.795,88;0;4.023.911,42;2.366.906,07;0;42.442.354,61;16.289.496,67;21.640.609,99;0;2.657.186,21;710.647,27;1.144.414,47;0;0;0;60.477.799,58;-19.478.370,94;321.697.141,22;5,11;15.810.750,96;325.218.793,17
21;2044;5,11;0,35115;44.145.546,92;22.592,71;8.093,45;12.194,63;0;2.304,63;1.520,84;1.529.179,75;5.656.387,06;2.333.234,89;3.207.494,28;0;0;0;115.657,89;0;6.180.376,57;2.549.378,26;3.504.626,24;0;0;0;126.372,07;0;11.855,34;4.992,18;6.862,74;0;0,40811;0,31699;0;0;0;0;0,31699;2.356.365,39;24.880.975,69;0;0;40.639.253,68;16.885.383,57;2.958.311,92;7.892.262,12;0;3.821.523,55;2.213.285,99;0;43.299.935,52;17.037.964,63;21.578.438,71;0;2.727.627,44;767.271,92;1.188.632,81;0;0;0;60.185.319,09;-19.546.065,41;318.355.192,30;5,11;15.619.876,39;321.292.604,15
22;2045;5,11;0,33408;41.455.988,18;19.820,59;7.113,92;10.707,42;0;1.999,24;1.353,55;1.406.935,86;5.311.772,80;2.191.083,01;3.012.078,33;0;0;0;108.611,46;0;5.803.838,35;2.394.057,89;3.291.107,58;0;0;0;118.672,88;0;11.465,69;4.828,11;6.637,19;0;0,39653;0,29768;0;0;0;0;0,29768;2.395.081,22;25.409.298,64;0;0;40.359.566,98;15.741.191,75;2.667.684,13;7.392.664,08;0;3.617.712,86;2.063.130,69;0;43.738.923,75;17.426.102,51;21.474.923,19;0;2.789.660,86;822.950,66;1.225.286,53;0;0;0;59.480.115,50;-19.120.548,52;314.904.811,30;5,11;15.440.992,04;317.613.047,67
23;2046;5,11;0,31784;38.122.702,31;17.235,09;6.194,93;9.317,28;0;1.722,88;1.196,41;1.288.663,15;4.884.677,51;2.014.908,07;2.769.890,92;0;0;0;99.878,51;0;5.337.178,32;2.201.562,68;3.026.484,71;0;0;0;109.130,93;0;11.060,55;4.657,50;6.402,66;0;0,38401;0,2781;0;0;0;0;0,2781;2.445.481,75;25.937.621,58;0;0;39.923.114,65;14.607.664,63;2.389.627,39;6.888.176,24;0;3.412.970,12;1.916.890,88;0;44.440.784,45;17.909.261,75;21.560.174,66;0;2.839.635,02;877.279,09;1.254.433,93;0;0;0;59.048.449,08;-19.125.334,43;311.534.251,38;5,11;15.252.722,15;313.740.435,39
24;2047;5,11;0,30239;34.852.245,26;14.838,86;5.337,08;8.029,18;0;1.472,60;1.049,46;1.174.941,46;4.465.632,51;1.842.053,85;2.532.268,49;0;0;0;91.310,17;0;4.879.314,34;2.012.695,79;2.766.849,70;0;0;0;99.768,85;0;10.640,12;4.480,09;6.158,78;0;1,24927;0,31131;0;0;0;0;0,31131;2.499.368,31;26.465.944,53;0;0;39.511.729,88;13.490.810,12;2.125.809,17;6.381.594,80;0;3.208.011,46;1.775.394,70;0;44.997.638,73;18.378.431,64;21.536.151,58;0;2.876.954,35;929.796,44;1.276.304,71;0;0;0;58.488.448,85;-18.976.718,97;308.002.065,34;5,11;15.062.425,91;309.826.142,34
25;2048;5,11;0,28769;31.234.986,66;12.631,57;4.543,95;6.840,38;0;1.247,24;912,85547;1.066.309,34;4.002.151,67;1.650.870,03;2.269.448,41;0;0;0;81.833,23;0;4.372.898,13;1.803.801,32;2.479.682,81;0;0;0;89.414,00;0;10.203,83;4.295,49;5.905,00;0;3,3404;0,39672;0;0;0;0;0,39672;2.553.402,96;26.994.267,47;0;0;39.012.778,24;12.396.996,88;1.877.756,60;5.876.307,91;0;3.003.851,74;1.639.080,62;0;45.598.551,61;18.996.859,35;21.431.604,08;0;2.899.588,12;980.070,35;1.290.429,71;0;0;0;57.995.548,49;-18.982.770,25;304.364.989,16;5,11;14.862.096,31;305.705.468,40
26;2049;5,11;0,2737;27.010.703,72;10.623,48;3.820,67;5.758,91;0;1.043,89;846,66135;964.820,09;3.460.892,57;1.427.603,02;1.962.523,60;0;0;0;70.765,94;0;3.781.498,52;1.559.851,57;2.144.325,48;0;0;0;77.321,47;0;16.619,93;6.997,38;9.619,29;0;3,25548;0,37488;0;0;0;0;0,37488;2.662.525,65;27.522.590,41;0;0;38.420.417,69;11.350.320,29;1.646.236,29;5.375.946,40;0;2.801.674,46;1.526.463,14;0;46.452.892,85;19.674.715,95;21.550.452,77;0;2.902.878,78;1.027.394,81;1.297.450,54;0;0;0;57.803.213,14;-19.382.795,45;300.400.397,28;5,11;14.631.088,59;300.953.761,53
27;2050;5,11;0,26039;23.897.185,57;8.816,86;3.171,76;4.783,55;0;861,55175;773,55605;868.440,28;3.061.956,21;1.263.043,52;1.736.303,92;0;0;0;62.608,77;0;3.345.605,98;1.380.047,81;1.897.149,53;0;0;0;68.408,64;0;15.973,06;6.725,02;9.244,88;0;3,16591;0,35267;0;0;0;0;0,35267;2.699.477,06;28.050.913,36;0;0;38.051.956,72;10.331.965,19;1.431.848,68;4.883.715,40;0;2.602.498,08;1.413.903,02;0;46.514.860,75;19.971.540,17;21.283.828,12;0;2.891.671,89;1.071.083,41;1.296.737,17;0;0;0;56.846.825,94;-18.794.869,21;296.059.765,54;5,11;14.418.319,40;296.577.211,72
28;2051;5,11;0,24773;20.513.029,40;7.210,00;2.602,83;3.907,84;0;699,33434;696,58128;777.530,42;2.628.342,88;1.084.179,93;1.490.420,42;0;0;0;53.742,54;0;2.871.824,12;1.184.614,87;1.628.488,17;0;0;0;58.721,08;0;15.302,06;6.442,50;8.856,49;0;3,07193;0,33026;0;0;0;0;0,33026;2.725.132,05;28.579.236,30;0;0;37.605.274,75;9.348.069,01;1.234.989,17;4.403.263,03;0;2.407.127,75;1.302.689,07;0;46.617.589,80;20.083.815,86;21.268.894,32;0;2.866.054,81;1.110.614,97;1.288.209,84;0;0;0;55.965.658,82;-18.360.384,07;292.028.793,77;5,11;14.216.879,89;292.433.707,54
29;2052;5,11;0,23569;17.294.309,74;5.801,66;2.114,76;3.130,47;0;556,43761;578,18835;691.399,67;2.215.927,01;914.060,19;1.256.557,08;0;0;0;45.309,74;0;2.421.203,36;998.735,78;1.372.960,49;0;0;0;49.507,09;0;14.610,64;6.151,38;8.456,29;0;2,97364;0,30796;0;0;0;0;0,30796;2.737.661,75;29.107.559,24;0;0;37.194.741,84;8.393.355,89;1.055.570,04;3.938.610,70;0;2.216.063,74;1.183.111,41;0;46.560.778,97;20.280.347,44;21.036.972,19;0;2.825.871,21;1.145.478,55;1.272.109,57;0;0;0;54.954.134,86;-17.759.393,02;288.247.996,20;5,11;14.035.857,47;288.710.171,99
30;2053;5,11;0,22423;14.533.847,51;4.581,67;1.699,39;2.450,12;0;432,15094;474,87573;611.692,36;1.862.227,85;768.160,83;1.055.989,47;0;0;0;38.077,55;0;2.034.738,65;839.320,78;1.153.812,94;0;0;0;41.604,93;0;13.903,62;5.853,69;8.047,06;0;2,87109;0,28621;0;0;0;0;0,28621;2.733.327,66;29.635.882,19;0;0;36.896.829,16;7.488.144,46;893.437,09;3.493.440,20;0;2.029.812,69;1.071.454,49;0;46.120.714,04;20.247.388,82;20.678.740,13;0;2.770.642,45;1.175.109,18;1.248.833,47;0;0;0;53.608.858,50;-16.712.029,34;284.962.833,65;5,11;13.899.105,09;285.897.247,74
31;2054;5,11;0,21333;12.279.363,01;3.539,97;1.349,22;1.864,98;0;325,76253;385,48946;538.445,11;1.573.359,83;649.004,04;892.184,82;0;0;0;32.170,97;0;1.719.110,82;709.125,68;974.833,95;0;0;0;35.151,19;0;13.184,04;5.550,72;7.630,56;0;2,76387;0,26545;0;0;0;0;0,26545;2.698.686,20;30.164.205,13;0;0;36.710.916,85;6.635.996,47;748.237,67;3.071.007,88;0;1.848.923,19;967.827,73;0;45.320.827,71;20.010.282,45;20.187.206,33;0;2.705.982,64;1.199.355,31;1.218.000,98;0;0;0;51.956.824,19;-15.245.907,33;282.644.838,33;5,11;13.830.283,49;284.481.623,90
32;2055;5,11;0,20296;9.762.800,25;2.669,02;1.059,45;1.372,97;0;236,60251;308,88487;471.714,94;1.250.911,61;515.995,56;709.338,27;0;0;0;25.577,78;0;1.366.792,03;563.795,73;775.049,09;0;0;0;27.947,22;0;12.454,31;5.243,47;7.208,19;0;2,65168;0,24601;0;0;0;0;0,24601;2.676.620,04;30.692.528,08;0;0;36.473.999,16;5.841.012,56;619.516,52;2.674.954,53;0;1.674.236,84;872.304,68;0;44.585.929,67;19.893.112,60;19.663.208,75;0;2.631.062,65;1.218.122,42;1.180.423,24;0;0;0;50.426.942,23;-13.952.943,07;281.649.734,57;5,11;13.824.015,59;284.352.696,42
33;2056;5,11;0,19309;7.578.122,39;1.959,57;824,27374;971,32664;0;163,96898;243,72089;411.497,22;970.987,94;400.528,27;550.605,57;0;0;0;19.854,09;0;1.060.937,13;437.631,92;601.611,90;0;0;0;21.693,31;0;11.715,46;4.932,38;6.780,54;0;2,53442;0,22841;0;0;0;0;0,22841;2.632.737,03;31.221.580,33;0;0;36.311.658,62;5.106.528,47;506.894,11;2.308.270,84;0;1.506.676,90;784.686,62;0;43.608.842,23;19.624.091,12;19.069.540,27;0;2.546.909,93;1.231.322,16;1.136.978,74;0;0;0;48.715.370,70;-12.403.712,07;281.957.663,65;5,11;13.896.593,10;285.845.577,44
34;2057;5,11;0,1837;4.930.454,78;1.399,93;636,72609;656,15399;0;107,04907;188,76238;357.652,56;631.741,20;260.590,48;358.233,31;0;0;0;12.917,41;0;690.263,67;284.730,74;391.418,90;0;0;0;14.114,03;0;10.969,32;4.618,23;6.348,68;0;2,41221;0,2125;0;0;0;0;0,2125;2.610.901,27;0;0;0;4.303.116,92;4.434.469,44;409.773,42;1.972.716,49;0;1.347.293,74;704.685,79;0;42.821.589,64;19.470.547,66;18.573.380,95;0;2.450.096,67;1.238.653,63;1.088.910,72;0;0;0;47.256.059,08;-42.952.942,16;277.955.121,97;5,11;12.411.813,66;255.304.448,95
35;2058;5,11;0,17477;3.531.385,08;974,6122;488,12136;421,68412;0;64,80672;148,50238;310.078,24;452.477,82;186.645,12;256.580,75;0;0;0;9.251,95;0;494.393,91;203.935,32;280.349,56;0;0;0;10.109,03;0;10.216,99;4.301,47;5.913,23;0;2,28567;0,19778;0;0;0;0;0,19778;2.541.001,60;0;0;0;3.809.291,88;3.827.570,13;326.956,87;1.668.895,45;0;1.197.372,43;634.345,37;0;41.336.524,22;18.972.486,02;17.740.454,80;0;2.346.714,31;1.240.066,46;1.036.802,63;0;0;0;45.164.094,35;-41.354.802,47;248.076.870,12;5,11;10.932.826,93;224.882.473,41
36;2059;5,11;0,16627;2.557.264,88;663,39199;368,73079;258,90312;0;35,75808;113,16517;268.132,29;327.663,40;135.159,72;185.803,85;0;0;0;6.699,83;0;358.017,08;147.680,48;203.016,12;0;0;0;7.320,49;0;9.461,17;3.983,25;5.475,77;0;2,15594;0,18413;0;0;0;0;0,18413;2.447.438,54;0;0;0;3.411.489,22;3.281.429,49;257.092,44;1.396.774,16;0;1.057.891,25;569.671,64;0;39.591.902,01;18.237.686,73;16.898.207,82;0;2.238.883,48;1.235.714,40;981.409,58;0;0;0;42.873.331,50;-39.461.842,28;218.321.152,90;5,11;9.474.994,25;194.895.625,38
37;2060;5,11;0,15819;1.549.040,56;442,11368;270,68549;153,77312;0;17,65507;82,97355;231.408,39;198.479,20;81.871,80;112.549,04;0;0;0;4.058,37;0;216.865,68;89.456,14;122.975,22;0;0;0;4.434,32;0;8.708,55;3.666,37;5.040,15;0;2,02441;0,17143;0;0;0;0;0,17143;2.355.487,22;0;0;0;3.011.474,30;2.793.702,55;198.966,78;1.155.132,34;0;929.062,16;510.541,28;0;37.849.314,26;17.601.137,69;15.972.269,56;0;2.126.505,02;1.225.610,21;923.791,78;0;0;0;40.643.016,81;-37.631.542,51;188.942.691,67;5,11;8.036.194,63;165.300.277,51
38;2061;5,11;0,1505;714.404,69;286,0303;190,29807;88,22879;0;7,50344;58,01186;199.476,85;91.536,97;37.758,60;51.906,68;0;0;0;1.871,68;0;100.016,66;41.256,43;56.715,15;0;0;0;2.045,07;0;7.968,96;3.354,98;4.612,09;0;1,89214;0,15958;0;0;0;0;0,15958;2.258.950,85;0;0;0;2.658.294,48;2.361.477,10;151.413,25;942.123,67;0;811.108,92;456.831,26;0;36.011.653,28;16.930.956,43;14.995.684,43;0;2.009.950,17;1.209.891,02;865.171,22;0;0;0;38.373.130,38;-35.714.835,90;159.925.194,71;5,11;6.621.816,07;136.207.257,68
39;2062;5,11;0,14318;510.861,46;175,39316;126,23708;46,69781;0;2,45827;35,948;171.820,77;65.456,89;27.000,68;37.117,79;0;0;0;1.338,42;0;71.520,60;29.501,94;40.556,26;0;0;0;1.462,40;0;7.251,15;3.052,76;4.196,63;0;1,75943;0,14848;0;0;0;0;0,14848;2.131.357,84;0;0;0;2.447.618,74;1.980.578,75;113.195,93;756.120,53;0;703.671,27;407.591,03;0;33.851.572,77;15.964.821,70;13.999.206,76;0;1.892.955,43;1.188.841,88;805.747,00;0;0;0;35.832.151,52;-33.384.532,78;131.427.260,28;5,11;5.254.241,24;108.076.966,14
40;2063;5,11;0,13622;314.235,65;98,83713;77,4673;20,87423;0;0,4956;20,23581;148.070,06;40.263,14;16.608,37;22.831,50;0;0;0;823,27293;0;43.992,99;18.146,92;24.946,54;0;0;0;899,53829;0;6.560,86;2.762,13;3.797,10;0;1,62645;0,13808;0;0;0;0;0,13808;2.005.867,45;0;0;0;2.244.873,72;1.648.534,55;83.032,37;595.748,21;0;606.091,67;363.662,30;0;31.710.719,05;15.027.962,84;12.997.612,34;0;1.775.995,60;1.162.696,00;746.452,27;0;0;0;33.359.253,60;-31.114.379,87;103.838.565,32;5,11;3.932.788,16;80.895.374,43
41;2064;5,11;0,1296;109.989,47;49,76686;42,78454;6,94246;0;0,03986;9,97753;127.770,04;14.093,00;5.813,30;7.991,53;0;0;0;288,16384;0;15.398,53;6.351,82;8.731,84;0;0;0;314,85841;0;5.906,41;2.486,60;3.418,32;0;1,49313;0,12832;0;0;0;0;0,12832;1.883.807,11;0;0;0;2.047.034,95;1.361.836,52;59.647,61;459.612,29;0;518.090,30;324.486,32;0;29.610.044,22;14.116.672,40;12.014.592,85;0;1.659.381,03;1.131.775,08;687.622,85;0;0;0;30.971.880,74;-28.924.845,79;77.146.714,41;5,11;2.655.694,01;54.626.222,65
42;2065;5,11;0,1233;22.271,84;21,9605;20,55928;1,4008;0;0,00042;4,71639;110.511,63;2.853,70;1.177,14;1.618,21;0;0;0;58,35049;0;3.118,06;1.286,19;1.768,12;0;0;0;63,75589;0;5.285,19;2.225,05;3.058,78;0;1,35941;0,11918;0;0;0;0;0,11918;1.756.956,38;0;0;0;1.878.751,76;1.117.098,40;41.826,70;346.081,63;0;439.404,28;289.785,79;0;27.489.985,18;13.163.329,56;11.055.898,85;0;1.544.199,85;1.096.522,04;630.034,89;0;0;0;28.607.083,59;-26.728.331,83;51.330.619,34;5,11;1.425.582,22;29.323.473,04
43;2066;5,11;0,11731;0;8,50745;8,39478;0,11267;0;0;2,20824;95.871,58;0;0;0;0;0;0;0;0;0;0;0;0;0;0;0;0;4.689,39;1.974,22;2.713,95;0;1,22547;0,11062;0;0;0;0;0,11062;1.629.107,89;0;0;0;1.729.679,70;910.366,76;28.480,81;253.285,18;0;369.803,65;258.797,12;0;25.388.617,92;12.200.531,16;10.125.675,93;0;1.431.223,62;1.057.278,19;573.909,01;0;0;0;26.298.984,67;-24.569.304,98;26.441.247,87;5,11;242.937,99;4.997.106,05
44;2067;5,11;0,11161;0;3,00536;3,00417;0,00119;0;0;1,17897;83.500,37;0;0;0;0;0;0;0;0;0;0;0;0;0;0;0;0;4.120,33;1.734,64;2.384,60;0;1,09241;0,10257;0;0;0;0;0,10257;1.503.640,26;0;0;0;1.591.265,24;737.898,33;18.656,35;179.243,43;0;308.808,50;231.190,05;0;23.341.007,69;11.256.843,57;9.228.759,40;0;1.321.100,19;1.014.465,93;519.838,60;0;0;0;24.078.906,02;-22.487.640,78;2.487.260,46;5,11;0;0
45;2068;5,11;0,10618;0;1,0275;1,0275;0;0;0;0,67045;73.091,90;0;0;0;0;0;0;0;0;0;0;0;0;0;0;0;0;3.581,95;1.507,97;2.073,01;0;0,96224;0,09499;0;0;0;0;0,09499;1.382.519,41;0;0;0;1.459.195,05;595.818,29;11.564,12;121.817,71;0;255.759,74;206.676,72;0;21.368.835,07;10.348.245,99;8.369.466,73;0;1.214.365,86;968.570,38;468.186,12;0;0;0;21.964.653,36;-20.505.458,31;-2.177.269,56;5,11;0;0
46;2069;5,11;0,10102;0;0,31595;0,31595;0;0;0;0,3415;64.361,51;0;0;0;0;0;0;0;0;0;0;0;0;0;0;0;0;3.079,64;1.296,50;1.782,30;0;0,83741;0,08777;0;0;0;0;0,08777;1.265.993,42;0;0;0;1.333.435,32;480.338,36;6.616,07;78.735,75;0;210.048,60;184.937,94;0;19.477.475,98;9.476.012,32;7.550.911,16;0;1.111.317,35;919.958,94;419.276,21;0;0;0;19.957.814,34;-18.624.379,02;-1.881.434,77;5,11;0;0
47;2070;5,11;0,09611;0;0,06347;0,06347;0;0;0;0,11167;57.067,11;0;0;0;0;0;0;0;0;0;0;0;0;0;0;0;0;2.619,38;1.102,73;1.515,93;0;0,72064;0,08082;0;0;0;0;0,08082;1.154.494,46;0;0;0;1.214.181,21;387.957,10;3.367,12;47.771,72;0;171.133,28;165.684,99;0;17.674.333,91;8.642.748,56;6.776.511,69;0;1.012.384,46;869.209,06;373.480,14;0;0;0;18.062.291,02;-16.848.109,81;-1.619.271,83;5,11;0;0
48;2071;5,11;0,09144;0;0,00511;0,00511;0;0;0;0,02621;50.976,30;0;0;0;0;0;0;0;0;0;0;0;0;0;0;0;0;2.204,90;928,23781;1.276,05;0;0,61392;0,07401;0;0;0;0;0,07401;1.048.224,63;0;0;0;1.101.405,93;315.285,83;1.436,96;26.740,56;0;138.502,65;148.605,65;0;15.962.910,60;7.849.443,80;6.047.986,63;0;917.824,33;816.844,03;330.811,80;0;0;0;16.278.196,43;-15.176.790,49;-1.387.765,72;5,11;0;0
49;2072;5,11;0,08699;0;0,00005;0,00005;0;0;0;0,00366;45.863,43;0;0;0;0;0;0;0;0;0;0;0;0;0;0;0;0;1.843,15;775,94443;1.066,69;0;0,52026;0,06726;0;0;0;0;0,06726;947.520,60;0;0;0;995.227,25;258.964,51;469,62367;13.474,91;0;111.641,53;133.378,46;0;14.349.351,86;7.098.119,55;5.368.189,57;0;828.034,65;763.447,30;291.560,79;0;0;0;14.608.316,37;-13.613.089,12;-1.184.202,62;5,11;0;0
50;2073;5,11;0,08276;0;0;0;0;0;0;0,0002;41.501,10;0;0;0;0;0;0;0;0;0;0;0;0;0;0;0;0;1.529,98;644,09787;885,44032;0;0,43876;0,06053;0;0;0;0;0,06053;852.451,22;0;0;0;895.482,36;215.634,62;102,99192;5.879,67;0;89.949,49;119.702,47;0;12.834.720,32;6.388.842,70;4.737.532,01;0;743.136,91;709.512,74;255.695,95;0;0;0;13.050.354,94;-12.154.872,58;-1.005.937,25;5,11;0;0
51;2074;5,11;0,07874;0;0;0;0;0;0;0;37.708,60;0;0;0;0;0;0;0;0;0;0;0;0;0;0;0;0;1.255,95;528,73465;726,85068;0;0,36652;0,05392;0;0;0;0;0,05392;763.151,47;0;0;0;802.116,07;182.229,15;12,51636;2.083,09;0;72.735,71;107.397,84;0;11.421.292,98;5.722.114,22;4.157.057,30;0;663.306,63;655.553,34;223.261,49;0;0;0;11.603.522,13;-10.801.406,05;-850.502,71;5,11;0;0
52;2075;5,11;0,07491;0;0;0;0;0;0;0;34.349,04;0;0;0;0;0;0;0;0;0;0;0;0;0;0;0;0;1.018,41;428,72913;589,37325;0;0,30286;0,04757;0;0;0;0;0,04757;679.800,62;0;0;0;715.168,10;156.056,36;0,6572;539,02707;0;59.196,32;96.320,36;0;10.111.478,25;5.099.130,33;3.627.338,17;0;588.776,09;602.122,74;194.110,91;0;0;0;10.267.534,61;-9.552.366,51;-715.567,78;5,11;0;0
53;2076;5,11;0,07127;0;0;0;0;0;0;0;31.321,81;0;0;0;0;0;0;0;0;0;0;0;0;0;0;0;0;814,72287;342,98077;471,49512;0;0,24698;0,04169;0;0;0;0;0,04169;602.293,10;0;0;0;634.429,68;134.922,90;0,00641;85,44936;0;48.508,87;86.328,57;0;8.902.923,74;4.519.386,47;3.146.344,95;0;519.521,08;549.618,31;168.052,93;0;0;0;9.037.846,64;-8.403.416,96;-598.911,53;5,11;0;0
54;2077;5,11;0,06781;0;0;0;0;0;0;0;28.569,56;0;0;0;0;0;0;0;0;0;0;0;0;0;0;0;0;642,42624;270,44618;371,78193;0;0,19813;0,03629;0;0;0;0;0,03629;530.578,83;0;0;0;559.790,85;117.287,82;0;5,88751;0;39.951,68;77.330,25;0;7.794.085,41;3.982.586,14;2.712.576,12;0;455.543,12;498.472,39;144.907,64;0;0;0;7.911.373,22;-7.351.582,37;-498.510,80;5,11;0;0
55;2078;5,11;0,06451;0;0;0;0;0;0;0;26.059,73;0;0;0;0;0;0;0;0;0;0;0;0;0;0;0;0;498,7675;209,96847;288,64333;0;0,1557;0,03127;0;0;0;0;0,03127;464.636,60;0;0;0;491.195,13;102.203,12;0;0,06084;0;32.949,24;69.253,82;0;6.783.728,82;3.488.731,05;2.324.569,99;0;396.875,27;449.128,40;124.424,12;0;0;0;6.885.931,94;-6.394.736,81;-412.524,47;5,11;0;0
56;2079;5,11;0,06137;0;0;0;0;0;0;0;23.768,38;0;0;0;0;0;0;0;0;0;0;0;0;0;0;0;0;380,12853;160,02425;219,98508;0;0,1192;0,02662;0;0;0;0;0,02662;404.252,35;0;0;0;428.400,89;89.126,61;0;0,00001;0;27.095,77;62.030,83;0;5.867.275,51;3.036.223,38;1.979.411,00;0;343.354,33;401.926,51;106.360,30;0;0;0;5.956.402,12;-5.528.001,23;-339.253,44;5,11;0;0
57;2080;5,11;0,05839;0;0;0;0;0;0;0;21.677,71;0;0;0;0;0;0;0;0;0;0;0;0;0;0;0;0;282,3072;118,84411;163,37481;0;0,08828;0,02235;0;0;0;0;0,02235;349.212,37;0;0;0;371.172,41;77.755,32;0;0;0;22.178,58;55.576,74;0;5.039.903,41;2.623.279,96;1.674.180,19;0;294.793,93;357.149,87;90.499,46;0;0;0;5.117.658,74;-4.746.486,33;-277.147,34;5,11;0;0
58;2081;5,11;0,05555;0;0;0;0;0;0;0;19.773,90;0;0;0;0;0;0;0;0;0;0;0;0;0;0;0;0;201,84175;84,97041;116,80869;0;0,06265;0,01846;0;0;0;0;0,01846;299.446,14;0;0;0;319.421,89;67.911,17;0;0;0;18.097,18;49.813,99;0;4.298.710,08;2.249.664,48;1.406.203,98;0;251.125,78;315.077,56;76.638,28;0;0;0;4.366.621,25;-4.047.199,35;-224.821,92;5,11;0;0
59;2082;5,11;0,05285;0;0;0;0;0;0;0;18.033,40;0;0;0;0;0;0;0;0;0;0;0;0;0;0;0;0;136,79246;57,58646;79,16401;0;0,04199;0,01496;0;0;0;0;0,01496;254.777,32;0;0;0;272.947,52;59.396,80;0;0;0;14.741,40;44.655,39;0;3.639.092,44;1.914.291,02;1.172.286,02;0;212.164,09;275.812,41;64.538,89;0;0;0;3.698.489,24;-3.425.541,72;-181.039,88;5,11;0;0
60;2083;5,11;0,05028;0;0;0;0;0;0;0;16.438,42;0;0;0;0;0;0;0;0;0;0;0;0;0;0;0;0;86,17105;36,2762;49,86884;0;0,02601;0,01184;0;0;0;0;0,01184;215.063,07;0;0;0;231.587,67;52.016,24;0;0;0;11.985,28;40.030,96;0;3.057.149,01;1.616.111,03;969.801,23;0;177.738,33;239.488,35;54.010,07;0;0;0;3.109.165,25;-2.877.577,58;-144.684,60;5,11;0;0
61;2084;5,11;0,04784;0;0;0;0;0;0;0;14.967,27;0;0;0;0;0;0;0;0;0;0;0;0;0;0;0;0;48,96369;20,61285;28,33645;0;0,01439;0,0091;0;0;0;0;0,0091;180.062,72;0;0;0;195.078,96;45.598,03;0;0;0;9.731,08;35.866,96;0;2.547.754,09;1.353.237,78;795.918,00;0;147.593,13;206.125,32;44.879,86;0;0;0;2.593.352,12;-2.398.273,16;-114.733,39;5,11;0;0
62;2085;5,11;0,04551;0;0;0;0;0;0;0;13.602,64;0;0;0;0;0;0;0;0;0;0;0;0;0;0;0;0;23,9009;10,06199;13,83221;0;0,0067;0,00675;0;0;0;0;0,00675;149.543,05;0;0;0;163.169,60;39.996,08;0;0;0;7.891,82;32.104,26;0;2.106.273,55;1.123.797,24;648.168,79;0;121.482,26;175.819,29;37.005,97;0;0;0;2.146.269,62;-1.983.100,03;-90.250,88;5,11;0;0
63;2086;5,11;0,0433;0;0;0;0;0;0;0;12.317,75;0;0;0;0;0;0;0;0;0;0;0;0;0;0;0;0;9,22686;3,88449;5,34;0;0,00237;0,00478;0;0;0;0;0,00478;123.105,82;0;0;0;135.432,80;35.041,83;0;0;0;6.379,27;28.662,56;0;1.726.032,37;924.823,47;523.406,74;0;99.028,25;148.516,30;30.257,60;0;0;0;1.761.074,20;-1.625.641,39;-70.390,27;5,11;0;0
64;2087;5,11;0,04119;0;0;0;0;0;0;0;11.099,22;0;0;0;0;0;0;0;0;0;0;0;0;0;0;0;0;2,4658;1,03814;1,42713;0;0,00053;0,00319;0;0;0;0;0,00319;100.417,85;0;0;0;111.519,54;30.633,23;0;0;0;5.140,96;25.492,27;0;1.401.573,67;753.914,34;418.976,07;0;79.918,74;124.246,68;24.517,85;0;0;0;1.432.206,91;-1.320.687,37;-54.399,11;5,11;0;0
65;2088;5,11;0,03919;0;0;0;0;0;0;0;9.933,68;0;0;0;0;0;0;0;0;0;0;0;0;0;0;0;0;0,36889;0,15532;0,21352;0;0,00005;0,00195;0;0;0;0;0,00195;81.047,25;0;0;0;90.981,30;26.669,88;0;0;0;4.125,98;22.543,90;0;1.126.338,20;607.914,59;332.078,12;0;63.769,04;102.899,49;19.676,96;0;0;0;1.153.008,08;-1.062.026,78;-41.620,83;5,11;0;0
66;2089;5,11;0,03728;0;0;0;0;0;0;0;8.825,52;0;0;0;0;0;0;0;0;0;0;0;0;0;0;0;0;0,02175;0,00916;0,01259;0;0;0,00105;0;0;0;0;0,00105;64.660,10;0;0;0;73.485,64;23.100,77;0;0;0;3.288,87;19.811,90;0;895.095,63;484.381,78;260.415,18;0;50.266,48;84.386,55;15.645,64;0;0;0;918.196,40;-844.710,76;-31.490,82;5,11;0;0
67;2090;5,11;0,03547;0;0;0;0;0;0;0;7.778,68;0;0;0;0;0;0;0;0;0;0;0;0;0;0;0;0;0,00021;0,00009;0,00012;0;0;0,00047;0;0;0;0;0,00047;50.893,64;0;0;0;58.672,32;19.879,55;0;0;0;2.587,72;17.291,83;0;702.182,47;380.695,73;201.624,09;0;39.075,76;68.471,10;12.315,80;0;0;0;722.062,02;-663.389,69;-23.530,43;5,11;0;0
68;2091;5,11;0,03375;0;0;0;0;0;0;0;6.807,16;0;0;0;0;0;0;0;0;0;0;0;0;0;0;0;0;0;0;0;0;0;0,00016;0;0;0;0;0,00016;39.448,50;0;0;0;46.255,66;16.999,63;0;0;0;1.996,43;15.003,19;0;542.832,98;294.676,60;153.706,27;0;29.911,21;54.941,59;9.597,32;0;0;0;559.832,61;-513.576,95;-17.333,22;5,11;0;0
69;2092;5,11;0,03211;0;0;0;0;0;0;0;5.918,92;0;0;0;0;0;0;0;0;0;0;0;0;0;0;0;0;0;0;0;0;0;0,00003;0;0;0;0;0,00003;30.038,92;0;0;0;35.957,84;14.452,70;0;0;0;1.501,44;12.951,26;0;412.597,74;224.189,14;114.933,76;0;22.497,89;43.578,32;7.398,62;0;0;0;427.050,44;-391.092,60;-12.557,98;5,11;0;0
70;2093;5,11;0,03055;0;0;0;0;0;0;0;5.125,76;0;0;0;0;0;0;0;0;0;0;0;0;0;0;0;0;0;0;0;0;0;0;0;0;0;0;0;22.398,33;0;0;0;27.524,09;12.244,49;0;0;0;1.094,55;11.149,94;0;307.459,39;167.163,93;83.932,20;0;16.579,21;34.141,58;5.642,47;0;0;0;319.703,88;-292.179,79;-8.926,09;5,11;0;0
71;2094;5,11;0,02906;0;0;0;0;0;0;0;4.420,95;0;0;0;0;0;0;0;0;0;0;0;0;0;0;0;0;0;0;0;0;0;0;0;0;0;0;0;16.295,98;0;0;0;20.716,93;10.343,79;0;0;0;767,46008;9.576,33;0;223.965,51;121.748,92;59.619,88;0;11.931,35;26.409,88;4.255,48;0;0;0;234.309,30;-213.592,38;-6.206,99;5,11;0;0
72;2095;5,11;0,02765;0;0;0;0;0;0;0;3.781,12;0;0;0;0;0;0;0;0;0;0;0;0;0;0;0;0;0;0;0;0;0;0;0;0;0;0;0;11.508,70;0;0;0;15.289,82;8.678,48;0;0;0;509,23889;8.169,24;0;158.792,51;86.155,31;40.967,85;0;8.342,94;20.153,84;3.172,56;0;0;0;167.470,99;-152.181,17;-4.207,81;5,11;0;0
73;2096;5,11;0,02631;0;0;0;0;0;0;0;3.199,99;0;0;0;0;0;0;0;0;0;0;0;0;0;0;0;0;0;0;0;0;0;0;0;0;0;0;0;7.845,97;0;0;0;11.045,95;7.213,55;0;0;0;311,31876;6.902,23;0;109.095,88;58.908,86;27.047,19;0;5.636,98;15.167,17;2.335,68;0;0;0;116.309,43;-105.263,48;-2.769,48;5,11;0;0
74;2097;5,11;0,02503;0;0;0;0;0;0;0;2.672,93;0;0;0;0;0;0;0;0;0;0;0;0;0;0;0;0;0;0;0;0;0;0;0;0;0;0;0;5.131,60;0;0;0;7.804,52;5.925,31;0;0;0;168,43651;5.756,87;0;72.289,05;38.714,77;16.974,58;0;3.657,64;11.246,93;1.695,14;0;0;0;78.214,36;-70.409,84;-1.762,36;5,11;0;0
75;2098;5,11;0,02381;0;0;0;0;0;0;0;2.196,59;0;0;0;0;0;0;0;0;0;0;0;0;0;0;0;0;0;0;0;0;0;0;0;0;0;0;0;3.197,94;0;0;0;5.394,53;4.799,01;0;0;0;75,60002;4.723,41;0;45.971,66;24.335,32;9.964,94;0;2.263,41;8.198,93;1.209,07;0;0;0;50.770,68;-45.376,15;-1.080,41;5,11;0;0
76;2099;5,11;0,02265;0;0;0;0;0;0;0;1.769,73;0;0;0;0;0;0;0;0;0;0;0;0;0;0;0;0;0;0;0;0;0;0;0;0;0;0;0;1.886,01;0;0;0;3.655,74;3.823,98;0;0;0;25,15052;3.798,83;0;27.938,04;14.562,20;5.356,15;0;1.326,01;5.850,93;842,74909;0;0;0;31.762,02;-28.106,27;-636,6071;5,11;0;0
77;2100;5,11;0,02155;0;0;0;0;0;0;0;1.391,87;0;0;0;0;0;0;0;0;0;0;0;0;0;0;0;0;0;0;0;0;0;0;0;0;0;0;0;1.046,74;0;0;0;2.438,61;2.986,92;0;0;0;5,07445;2.981,84;0;16.183,31;8.260,73;2.562,01;0;730,34642;4.060,82;569,39348;0;0;0;19.170,23;-16.731,61;-360,56621;5,11;0;0
78;2101;5,11;0,0205;0;0;0;0;0;0;0;1.063,12;0;0;0;0;0;0;0;0;0;0;0;0;0;0;0;0;0;0;0;0;0;0;0;0;0;0;0;546,94738;0;0;0;1.610,07;2.272,90;0;0;0;0,40823;2.272,49;0;8.962,39;4.442,81;1.049,17;0;377,19557;2.723,33;369,88916;0;0;0;11.235,28;-9.625,21;-197,3169;5,11;0;0
79;2102;5,11;0,0195;0;0;0;0;0;0;0;782,66586;0;0;0;0;0;0;0;0;0;0;0;0;0;0;0;0;0;0;0;0;0;0;0;0;0;0;0;272,42472;0;0;0;1.055,09;1.668,76;0;0;0;0,00433;1.668,76;0;4.802,48;2.287,11;347,34029;0;184,16041;1.754,56;229,31817;0;0;0;6.471,25;-5.416,16;-105,61504;5,11;0;0
80;2103;5,11;0,01855;0;0;0;0;0;0;0;549,54426;0;0;0;0;0;0;0;0;0;0;0;0;0;0;0;0;0;0;0;0;0;0;0;0;0;0;0;132,04116;0;0;0;681,58542;1.168,35;0;0;0;0;1.168,35;0;2.530,29;1.142,93;84,97881;0;86,75417;1.080,69;134,93791;0;0;0;3.698,64;-3.017,05;-55,96635;5,11;0;0
81;2104;5,11;0,01765;0;0;0;0;0;0;0;362,47017;0;0;0;0;0;0;0;0;0;0;0;0;0;0;0;0;0;0;0;0;0;0;0;0;0;0;0;62,00562;0;0;0;424,47579;768,21152;0;0;0;0;768,21152;0;1.307,92;547,12975;13,13766;0;39,58268;633,1513;74,92044;0;0;0;2.076,13;-1.651,66;-29,15176;5,11;0;0
82;2105;5,11;0,01679;0;0;0;0;0;0;0;219,66313;0;0;0;0;0;0;0;0;0;0;0;0;0;0;0;0;0;0;0;0;0;0;0;0;0;0;0;26,53924;0;0;0;246,20237;464,08865;0;0;0;0;464,08865;0;641,04281;235,04611;0,90187;0;16,56584;349,70901;38,81998;0;0;0;1.105,13;-858,92909;-14,42142;5,11;0;0
83;2106;5,11;0,01597;0;0;0;0;0;0;0;117,95783;0;0;0;0;0;0;0;0;0;0;0;0;0;0;0;0;0;0;0;0;0;0;0;0;0;0;0;9,38219;0;0;0;127,34002;248,57149;0;0;0;0;248,57149;0;285,40625;82,3851;0,00932;0;5,74483;178,89234;18,37466;0;0;0;533,97774;-406,63772;-6,494;5,11;0;0
84;2107;5,11;0,01519;0;0;0;0;0;0;0;52,72218;0;0;0;0;0;0;0;0;0;0;0;0;0;0;0;0;0;0;0;0;0;0;0;0;0;0;0;2,45788;0;0;0;55,18006;110,94048;0;0;0;0;110,94048;0;112,78998;21,2292;0;0;1,4707;82,42523;7,66485;0;0;0;223,73046;-168,5504;-2,56028;5,11;0;0
85;2108;5,11;0,01445;0;0;0;0;0;0;0;17,51909;0;0;0;0;0;0;0;0;0;0;0;0;0;0;0;0;0;0;0;0;0;0;0;0;0;0;0;0,41186;0;0;0;17,93095;36,84999;0;0;0;0;36,84999;0;39,26978;3,42777;0;0;0,23566;32,9371;2,66925;0;0;0;76,11977;-58,18882;-0,84083;5,11;0;0
86;2109;5,11;0,01375;0;0;0;0;0;0;0;3,53402;0;0;0;0;0;0;0;0;0;0;0;0;0;0;0;0;0;0;0;0;0;0;0;0;0;0;0;0,035;0;0;0;3,56902;7,43339;0;0;0;0;7,43339;0;11,77886;0,24192;0;0;0,01654;10,81892;0,70148;0;0;0;19,21225;-15,64323;-0,21509;5,11;0;0
87;2110;5,11;0,01308;0;0;0;0;0;0;0;0,28429;0;0;0;0;0;0;0;0;0;0;0;0;0;0;0;0;0;0;0;0;0;0;0;0;0;0;0;0,00206;0;0;0;0,28635;0,598;0;0;0;0;0,598;0;2,76868;0,00251;0;0;0,00017;2,65111;0,1149;0;0;0;3,36668;-3,08033;-0,04029;5,11;0;0
88;2111;5,11;0,01244;0;0;0;0;0;0;0;0,00301;0;0;0;0;0;0;0;0;0;0;0;0;0;0;0;0;0;0;0;0;0;0;0;0;0;0;0;0,00025;0;0;0;0,00326;0,00634;0;0;0;0;0,00634;0;0,41254;0;0;0;0;0,40404;0,0085;0;0;0;0,41888;-0,41562;-0,00517;5,11;0;0
89;2112;5,11;0,01184;0;0;0;0;0;0;0;0;0;0;0;0;0;0;0;0;0;0;0;0;0;0;0;0;0;0;0;0;0;0;0;0;0;0;0;0,00002;0;0;0;0,00002;0;0;0;0;0;0;0;0,02725;0;0;0;0;0,02712;0,00013;0;0;0;0,02725;-0,02723;-0,00032;5,11;0;0
90;2113;5,11;0,01126;0;0;0;0;0;0;0;0;0;0;0;0;0;0;0;0;0;0;0;0;0;0;0;0;0;0;0;0;0;0;0;0;0;0;0;0;0;0;0;0;0;0;0;0;0;0;0;0,00029;0;0;0;0;0,00029;0;0;0;0;0,00029;-0,00029;0;5,11;0;0
91;2114;5,11;0,01071;0;0;0;0;0;0;0;0;0;0;0;0;0;0;0;0;0;0;0;0;0;0;0;0;0;0;0;0;0;0;0;0;0;0;0;0;0;0;0;0;0;0;0;0;0;0;0;0;0;0;0;0;0;0;0;0;0;0;0;0;5,11;0;0
92;2115;5,11;0,01019;0;0;0;0;0;0;0;0;0;0;0;0;0;0;0;0;0;0;0;0;0;0;0;0;0;0;0;0;0;0;0;0;0;0;0;0;0;0;0;0;0;0;0;0;0;0;0;0;0;0;0;0;0;0;0;0;0;0;0;0;5,11;0;0
93;2116;5,11;0,00969;0;0;0;0;0;0;0;0;0;0;0;0;0;0;0;0;0;0;0;0;0;0;0;0;0;0;0;0;0;0;0;0;0;0;0;0;0;0;0;0;0;0;0;0;0;0;0;0;0;0;0;0;0;0;0;0;0;0;0;0;5,11;0;0
94;2117;5,11;0,00922;0;0;0;0;0;0;0;0;0;0;0;0;0;0;0;0;0;0;0;0;0;0;0;0;0;0;0;0;0;0;0;0;0;0;0;0;0;0;0;0;0;0;0;0;0;0;0;0;0;0;0;0;0;0;0;0;0;0;0;0;5,11;0;0
95;2118;5,11;0,00877;0;0;0;0;0;0;0;0;0;0;0;0;0;0;0;0;0;0;0;0;0;0;0;0;0;0;0;0;0;0;0;0;0;0;0;0;0;0;0;0;0;0;0;0;0;0;0;0;0;0;0;0;0;0;0;0;0;0;0;0;5,11;0;0
96;2119;5,11;0,00834;0;0;0;0;0;0;0;0;0;0;0;0;0;0;0;0;0;0;0;0;0;0;0;0;0;0;0;0;0;0;0;0;0;0;0;0;0;0;0;0;0;0;0;0;0;0;0;0;0;0;0;0;0;0;0;0;0;0;0;0;5,11;0;0
97;2120;5,11;0,00793;0;0;0;0;0;0;0;0;0;0;0;0;0;0;0;0;0;0;0;0;0;0;0;0;0;0;0;0;0;0;0;0;0;0;0;0;0;0;0;0;0;0;0;0;0;0;0;0;0;0;0;0;0;0;0;0;0;0;0;0;5,11;0;0
98;2121;5,11;0,00754;0;0;0;0;0;0;0;0;0;0;0;0;0;0;0;0;0;0;0;0;0;0;0;0;0;0;0;0;0;0;0;0;0;0;0;0;0;0;0;0;0;0;0;0;0;0;0;0;0;0;0;0;0;0;0;0;0;0;0;0;5,11;0;0
99;2122;5,11;0,00717;0;0;0;0;0;0;0;0;0;0;0;0;0;0;0;0;0;0;0;0;0;0;0;0;0;0;0;0;0;0;0;0;0;0;0;0;0;0;0;0;0;0;0;0;0;0;0;0;0;0;0;0;0;0;0;0;0;0;0;0;5,11;0;0
100;2123;5,11;0,00682;0;0;0;0;0;0;0;0;0;0;0;0;0;0;0;0;0;0;0;0;0;0;0;0;0;0;0;0;0;0;0;0;0;0;0;0;0;0;0;0;0;0;0;0;0;0;0;0;0;0;0;0;0;0;0;0;0;0;0;0;5,11;0;0
101;2124;5,11;0,00649;0;0;0;0;0;0;0;0;0;0;0;0;0;0;0;0;0;0;0;0;0;0;0;0;0;0;0;0;0;0;0;0;0;0;0;0;0;0;0;0;0;0;0;0;0;0;0;0;0;0;0;0;0;0;0;0;0;0;0;0;5,11;0;0
102;2125;5,11;0,00617;0;0;0;0;0;0;0;0;0;0;0;0;0;0;0;0;0;0;0;0;0;0;0;0;0;0;0;0;0;0;0;0;0;0;0;0;0;0;0;0;0;0;0;0;0;0;0;0;0;0;0;0;0;0;0;0;0;0;0;0;5,11;0;0
103;2126;5,11;0,00587;0;0;0;0;0;0;0;0;0;0;0;0;0;0;0;0;0;0;0;0;0;0;0;0;0;0;0;0;0;0;0;0;0;0;0;0;0;0;0;0;0;0;0;0;0;0;0;0;0;0;0;0;0;0;0;0;0;0;0;0;5,11;0;0
104;2127;5,11;0,00558;0;0;0;0;0;0;0;0;0;0;0;0;0;0;0;0;0;0;0;0;0;0;0;0;0;0;0;0;0;0;0;0;0;0;0;0;0;0;0;0;0;0;0;0;0;0;0;0;0;0;0;0;0;0;0;0;0;0;0;0;5,11;0;0
105;2128;5,11;0,00531;0;0;0;0;0;0;0;0;0;0;0;0;0;0;0;0;0;0;0;0;0;0;0;0;0;0;0;0;0;0;0;0;0;0;0;0;0;0;0;0;0;0;0;0;0;0;0;0;0;0;0;0;0;0;0;0;0;0;0;0;5,11;0;0
106;2129;5,11;0,00505;0;0;0;0;0;0;0;0;0;0;0;0;0;0;0;0;0;0;0;0;0;0;0;0;0;0;0;0;0;0;0;0;0;0;0;0;0;0;0;0;0;0;0;0;0;0;0;0;0;0;0;0;0;0;0;0;0;0;0;0;5,11;0;0
107;2130;5,11;0,0048;0;0;0;0;0;0;0;0;0;0;0;0;0;0;0;0;0;0;0;0;0;0;0;0;0;0;0;0;0;0;0;0;0;0;0;0;0;0;0;0;0;0;0;0;0;0;0;0;0;0;0;0;0;0;0;0;0;0;0;0;5,11;0;0
108;2131;5,11;0,00457;0;0;0;0;0;0;0;0;0;0;0;0;0;0;0;0;0;0;0;0;0;0;0;0;0;0;0;0;0;0;0;0;0;0;0;0;0;0;0;0;0;0;0;0;0;0;0;0;0;0;0;0;0;0;0;0;0;0;0;0;5,11;0;0
109;2132;5,11;0,00435;0;0;0;0;0;0;0;0;0;0;0;0;0;0;0;0;0;0;0;0;0;0;0;0;0;0;0;0;0;0;0;0;0;0;0;0;0;0;0;0;0;0;0;0;0;0;0;0;0;0;0;0;0;0;0;0;0;0;0;0;5,11;0;0
110;2133;5,11;0,00414;0;0;0;0;0;0;0;0;0;0;0;0;0;0;0;0;0;0;0;0;0;0;0;0;0;0;0;0;0;0;0;0;0;0;0;0;0;0;0;0;0;0;0;0;0;0;0;0;0;0;0;0;0;0;0;0;0;0;0;0;5,11;0;0
111;2134;5,11;0,00394;0;0;0;0;0;0;0;0;0;0;0;0;0;0;0;0;0;0;0;0;0;0;0;0;0;0;0;0;0;0;0;0;0;0;0;0;0;0;0;0;0;0;0;0;0;0;0;0;0;0;0;0;0;0;0;0;0;0;0;0;5,11;0;0
112;2135;5,11;0,00375;0;0;0;0;0;0;0;0;0;0;0;0;0;0;0;0;0;0;0;0;0;0;0;0;0;0;0;0;0;0;0;0;0;0;0;0;0;0;0;0;0;0;0;0;0;0;0;0;0;0;0;0;0;0;0;0;0;0;0;0;5,11;0;0
113;2136;5,11;0,00357;0;0;0;0;0;0;0;0;0;0;0;0;0;0;0;0;0;0;0;0;0;0;0;0;0;0;0;0;0;0;0;0;0;0;0;0;0;0;0;0;0;0;0;0;0;0;0;0;0;0;0;0;0;0;0;0;0;0;0;0;5,11;0;0
114;2137;5,11;0,0034;0;0;0;0;0;0;0;0;0;0;0;0;0;0;0;0;0;0;0;0;0;0;0;0;0;0;0;0;0;0;0;0;0;0;0;0;0;0;0;0;0;0;0;0;0;0;0;0;0;0;0;0;0;0;0;0;0;0;0;0;5,11;0;0
115;2138;5,11;0,00323;0;0;0;0;0;0;0;0;0;0;0;0;0;0;0;0;0;0;0;0;0;0;0;0;0;0;0;0;0;0;0;0;0;0;0;0;0;0;0;0;0;0;0;0;0;0;0;0;0;0;0;0;0;0;0;0;0;0;0;0;5,11;0;0
116;2139;5,11;0,00307;0;0;0;0;0;0;0;0;0;0;0;0;0;0;0;0;0;0;0;0;0;0;0;0;0;0;0;0;0;0;0;0;0;0;0;0;0;0;0;0;0;0;0;0;0;0;0;0;0;0;0;0;0;0;0;0;0;0;0;0;5,11;0;0
117;2140;5,11;0,00292;0;0;0;0;0;0;0;0;0;0;0;0;0;0;0;0;0;0;0;0;0;0;0;0;0;0;0;0;0;0;0;0;0;0;0;0;0;0;0;0;0;0;0;0;0;0;0;0;0;0;0;0;0;0;0;0;0;0;0;0;5,11;0;0
118;2141;5,11;0,00278;0;0;0;0;0;0;0;0;0;0;0;0;0;0;0;0;0;0;0;0;0;0;0;0;0;0;0;0;0;0;0;0;0;0;0;0;0;0;0;0;0;0;0;0;0;0;0;0;0;0;0;0;0;0;0;0;0;0;0;0;5,11;0;0
119;2142;5,11;0,00264;0;0;0;0;0;0;0;0;0;0;0;0;0;0;0;0;0;0;0;0;0;0;0;0;0;0;0;0;0;0;0;0;0;0;0;0;0;0;0;0;0;0;0;0;0;0;0;0;0;0;0;0;0;0;0;0;0;0;0;0;5,11;0;0
120;2143;5,11;0,00251;0;0;0;0;0;0;0;0;0;0;0;0;0;0;0;0;0;0;0;0;0;0;0;0;0;0;0;0;0;0;0;0;0;0;0;0;0;0;0;0;0;0;0;0;0;0;0;0;0;0;0;0;0;0;0;0;0;0;0;0;5,11;0;0
121;2144;5,11;0,00239;0;0;0;0;0;0;0;0;0;0;0;0;0;0;0;0;0;0;0;0;0;0;0;0;0;0;0;0;0;0;0;0;0;0;0;0;0;0;0;0;0;0;0;0;0;0;0;0;0;0;0;0;0;0;0;0;0;0;0;0;5,11;0;0
122;2145;5,11;0,00227;0;0;0;0;0;0;0;0;0;0;0;0;0;0;0;0;0;0;0;0;0;0;0;0;0;0;0;0;0;0;0;0;0;0;0;0;0;0;0;0;0;0;0;0;0;0;0;0;0;0;0;0;0;0;0;0;0;0;0;0;5,11;0;0
123;2146;5,11;0,00216;0;0;0;0;0;0;0;0;0;0;0;0;0;0;0;0;0;0;0;0;0;0;0;0;0;0;0;0;0;0;0;0;0;0;0;0;0;0;0;0;0;0;0;0;0;0;0;0;0;0;0;0;0;0;0;0;0;0;0;0;5,11;0;0
124;2147;5,11;0,00205;0;0;0;0;0;0;0;0;0;0;0;0;0;0;0;0;0;0;0;0;0;0;0;0;0;0;0;0;0;0;0;0;0;0;0;0;0;0;0;0;0;0;0;0;0;0;0;0;0;0;0;0;0;0;0;0;0;0;0;0;5,11;0;0
125;2148;5,11;0,00195;0;0;0;0;0;0;0;0;0;0;0;0;0;0;0;0;0;0;0;0;0;0;0;0;0;0;0;0;0;0;0;0;0;0;0;0;0;0;0;0;0;0;0;0;0;0;0;0;0;0;0;0;0;0;0;0;0;0;0;0;5,11;0;0
126;2149;5,11;0,00186;0;0;0;0;0;0;0;0;0;0;0;0;0;0;0;0;0;0;0;0;0;0;0;0;0;0;0;0;0;0;0;0;0;0;0;0;0;0;0;0;0;0;0;0;0;0;0;0;0;0;0;0;0;0;0;0;0;0;0;0;5,11;0;0
127;2150;5,11;0,00177;0;0;0;0;0;0;0;0;0;0;0;0;0;0;0;0;0;0;0;0;0;0;0;0;0;0;0;0;0;0;0;0;0;0;0;0;0;0;0;0;0;0;0;0;0;0;0;0;0;0;0;0;0;0;0;0;0;0;0;0;5,11;0;0
128;2151;5,11;0,00168;0;0;0;0;0;0;0;0;0;0;0;0;0;0;0;0;0;0;0;0;0;0;0;0;0;0;0;0;0;0;0;0;0;0;0;0;0;0;0;0;0;0;0;0;0;0;0;0;0;0;0;0;0;0;0;0;0;0;0;0;5,11;0;0
129;2152;5,11;0,0016;0;0;0;0;0;0;0;0;0;0;0;0;0;0;0;0;0;0;0;0;0;0;0;0;0;0;0;0;0;0;0;0;0;0;0;0;0;0;0;0;0;0;0;0;0;0;0;0;0;0;0;0;0;0;0;0;0;0;0;0;5,11;0;0
130;2153;5,11;0,00152;0;0;0;0;0;0;0;0;0;0;0;0;0;0;0;0;0;0;0;0;0;0;0;0;0;0;0;0;0;0;0;0;0;0;0;0;0;0;0;0;0;0;0;0;0;0;0;0;0;0;0;0;0;0;0;0;0;0;0;0;5,11;0;0
131;2154;5,11;0,00145;0;0;0;0;0;0;0;0;0;0;0;0;0;0;0;0;0;0;0;0;0;0;0;0;0;0;0;0;0;0;0;0;0;0;0;0;0;0;0;0;0;0;0;0;0;0;0;0;0;0;0;0;0;0;0;0;0;0;0;0;5,11;0;0
132;2155;5,11;0,00138;0;0;0;0;0;0;0;0;0;0;0;0;0;0;0;0;0;0;0;0;0;0;0;0;0;0;0;0;0;0;0;0;0;0;0;0;0;0;0;0;0;0;0;0;0;0;0;0;0;0;0;0;0;0;0;0;0;0;0;0;5,11;0;0
133;2156;5,11;0,00131;0;0;0;0;0;0;0;0;0;0;0;0;0;0;0;0;0;0;0;0;0;0;0;0;0;0;0;0;0;0;0;0;0;0;0;0;0;0;0;0;0;0;0;0;0;0;0;0;0;0;0;0;0;0;0;0;0;0;0;0;5,11;0;0
134;2157;5,11;0,00125;0;0;0;0;0;0;0;0;0;0;0;0;0;0;0;0;0;0;0;0;0;0;0;0;0;0;0;0;0;0;0;0;0;0;0;0;0;0;0;0;0;0;0;0;0;0;0;0;0;0;0;0;0;0;0;0;0;0;0;0;5,11;0;0
135;2158;5,11;0,00119;0;0;0;0;0;0;0;0;0;0;0;0;0;0;0;0;0;0;0;0;0;0;0;0;0;0;0;0;0;0;0;0;0;0;0;0;0;0;0;0;0;0;0;0;0;0;0;0;0;0;0;0;0;0;0;0;0;0;0;0;5,11;0;0
136;2159;5,11;0,00113;0;0;0;0;0;0;0;0;0;0;0;0;0;0;0;0;0;0;0;0;0;0;0;0;0;0;0;0;0;0;0;0;0;0;0;0;0;0;0;0;0;0;0;0;0;0;0;0;0;0;0;0;0;0;0;0;0;0;0;0;5,11;0;0
137;2160;5,11;0,00108;0;0;0;0;0;0;0;0;0;0;0;0;0;0;0;0;0;0;0;0;0;0;0;0;0;0;0;0;0;0;0;0;0;0;0;0;0;0;0;0;0;0;0;0;0;0;0;0;0;0;0;0;0;0;0;0;0;0;0;0;5,11;0;0
138;2161;5,11;0,00103;0;0;0;0;0;0;0;0;0;0;0;0;0;0;0;0;0;0;0;0;0;0;0;0;0;0;0;0;0;0;0;0;0;0;0;0;0;0;0;0;0;0;0;0;0;0;0;0;0;0;0;0;0;0;0;0;0;0;0;0;5,11;0;0
139;2162;5,11;0,00098;0;0;0;0;0;0;0;0;0;0;0;0;0;0;0;0;0;0;0;0;0;0;0;0;0;0;0;0;0;0;0;0;0;0;0;0;0;0;0;0;0;0;0;0;0;0;0;0;0;0;0;0;0;0;0;0;0;0;0;0;5,11;0;0
140;2163;5,11;0,00093;0;0;0;0;0;0;0;0;0;0;0;0;0;0;0;0;0;0;0;0;0;0;0;0;0;0;0;0;0;0;0;0;0;0;0;0;0;0;0;0;0;0;0;0;0;0;0;0;0;0;0;0;0;0;0;0;0;0;0;0;5,11;0;0
141;2164;5,11;0,00088;0;0;0;0;0;0;0;0;0;0;0;0;0;0;0;0;0;0;0;0;0;0;0;0;0;0;0;0;0;0;0;0;0;0;0;0;0;0;0;0;0;0;0;0;0;0;0;0;0;0;0;0;0;0;0;0;0;0;0;0;5,11;0;0
142;2165;5,11;0,00084;0;0;0;0;0;0;0;0;0;0;0;0;0;0;0;0;0;0;0;0;0;0;0;0;0;0;0;0;0;0;0;0;0;0;0;0;0;0;0;0;0;0;0;0;0;0;0;0;0;0;0;0;0;0;0;0;0;0;0;0;5,11;0;0
143;2166;5,11;0,0008;0;0;0;0;0;0;0;0;0;0;0;0;0;0;0;0;0;0;0;0;0;0;0;0;0;0;0;0;0;0;0;0;0;0;0;0;0;0;0;0;0;0;0;0;0;0;0;0;0;0;0;0;0;0;0;0;0;0;0;0;5,11;0;0
144;2167;5,11;0,00076;0;0;0;0;0;0;0;0;0;0;0;0;0;0;0;0;0;0;0;0;0;0;0;0;0;0;0;0;0;0;0;0;0;0;0;0;0;0;0;0;0;0;0;0;0;0;0;0;0;0;0;0;0;0;0;0;0;0;0;0;5,11;0;0
145;2168;5,11;0,00072;0;0;0;0;0;0;0;0;0;0;0;0;0;0;0;0;0;0;0;0;0;0;0;0;0;0;0;0;0;0;0;0;0;0;0;0;0;0;0;0;0;0;0;0;0;0;0;0;0;0;0;0;0;0;0;0;0;0;0;0;5,11;0;0
146;2169;5,11;0,00068;0;0;0;0;0;0;0;0;0;0;0;0;0;0;0;0;0;0;0;0;0;0;0;0;0;0;0;0;0;0;0;0;0;0;0;0;0;0;0;0;0;0;0;0;0;0;0;0;0;0;0;0;0;0;0;0;0;0;0;0;5,11;0;0
147;2170;5,11;0,00065;0;0;0;0;0;0;0;0;0;0;0;0;0;0;0;0;0;0;0;0;0;0;0;0;0;0;0;0;0;0;0;0;0;0;0;0;0;0;0;0;0;0;0;0;0;0;0;0;0;0;0;0;0;0;0;0;0;0;0;0;5,11;0;0
148;2171;5,11;0,00062;0;0;0;0;0;0;0;0;0;0;0;0;0;0;0;0;0;0;0;0;0;0;0;0;0;0;0;0;0;0;0;0;0;0;0;0;0;0;0;0;0;0;0;0;0;0;0;0;0;0;0;0;0;0;0;0;0;0;0;0;5,11;0;0
149;2172;5,11;0,00059;0;0;0;0;0;0;0;0;0;0;0;0;0;0;0;0;0;0;0;0;0;0;0;0;0;0;0;0;0;0;0;0;0;0;0;0;0;0;0;0;0;0;0;0;0;0;0;0;0;0;0;0;0;0;0;0;0;0;0;0;5,11;0;0
150;2173;5,11;0,00056;0;0;0;0;0;0;0;0;0;0;0;0;0;0;0;0;0;0;0;0;0;0;0;0;0;0;0;0;0;0;0;0;0;0;0;0;0;0;0;0;0;0;0;0;0;0;0;0;0;0;0;0;0;0;0;0;0;0;0;0;5,11;0;0
Totais de Controle:;;;;1.866.623.683,83;1.235.846,21;474.120,51;631.352,88;0;130.372,82;71.464,46;98.134.622,45;239.171.259,56;98.657.096,84;135.623.754,05;0;0;0;4.890.408,68;0;261.327.315,74;107.796.372,95;148.187.502,38;0;0;0;5.343.440,40;0;349.094,84;146.979,31;202.052,23;0;63,3;15,37;0;0;0;0;15,37;97.814.420,06;726.018.279,49;0;0;1.424.122.318,19;724.107.018,49;147.402.362,98;315.977.761,62;0;157.782.916,76;102.943.977,13;0;1.671.061.792,39;695.875.530,35;796.004.821,60;0;97.472.027,95;42.392.405,00;39.317.007,49;0;0;0;2.395.168.810,88;-971.046.492,69;DÉFICIT ATUARIAL;;;
Totais de Controle  a Valor Atual:;;;;1.102.919.333,73;776.395,06;301.341,98;392.541,57;0;82.511,51;42.325,04;61.406.080,02;141.317.507,40;58.292.852,74;80.135.091,90;0;0;0;2.889.562,76;0;154.408.706,73;63.692.915,11;87.558.549,06;0;0;0;3.157.242,56;0;93.878,32;39.525,91;54.336,21;0;16,2;6,96;0;0;0;0;6,96;28.892.337,45;300.153.473,94;0;0;687.090.710,92;406.986.768,21;89.854.908,08;175.515.916,16;0;84.505.541,12;57.110.402,85;0;512.490.635,67;194.986.443,87;268.047.554,14;0;29.409.941,15;8.839.528,14;11.207.168,37;0;0;0;919.477.403,88;-232.386.692,96;-4.878.649,06;;;
